{"stats":{"minecraft:mined":{"minecraft:large_fern":3,"minecraft:spruce_log":1},"minecraft:crafted":{"minecraft:spruce_planks":4},"minecraft:custom":{"minecraft:jump":7,"minecraft:time_since_rest":838,"minecraft:leave_game":1,"minecraft:sprint_one_cm":802,"minecraft:play_time":838,"minecraft:time_since_death":838,"minecraft:walk_one_cm":2813,"minecraft:total_world_time":838,"minecraft:fall_one_cm":269,"minecraft:fly_one_cm":468},"minecraft:picked_up":{"minecraft:spruce_log":1}},"DataVersion":3465}